experiment_name,dataset,model,activation,test_loss,test_accuracy,test_top5_accuracy,test_precision,test_recall,training_time,total_params,trainable_params
cifar10_resnet18_relu,cifar10,resnet18,relu,1.9154224395751955,0.7788000106811523,0.979099988937378,0.7818126678466797,0.7771999835968018,732.6262309551239,11196042,11186442
cifar10_resnet18_sigmoid,cifar10,resnet18,sigmoid,1.0678815841674805,0.755299985408783,0.9800000190734864,0.7681742906570435,0.7439000010490417,705.0950517654419,11196042,11186442
cifar10_resnet18_tanh,cifar10,resnet18,tanh,1.6545088291168213,0.7476000189781189,0.9772999882698059,0.7524752616882324,0.7447999715805054,545.1853094100952,11196042,11186442
cifar10_resnet18_swish,cifar10,resnet18,swish,1.652209758758545,0.774399995803833,0.9807000160217285,0.7788762450218201,0.7720999717712402,358.21649289131165,11196042,11186442
cifar10_resnet18_gelu,cifar10,resnet18,gelu,1.4353569746017456,0.7730000019073486,0.9782999753952026,0.7802554368972778,0.7698000073432922,368.21880984306335,11196042,11186442
cifar10_resnet50_relu,cifar10,resnet50,relu,1.8906148672103882,0.7261999845504761,0.970300018787384,0.7330624461174011,0.7217000126838684,868.5981066226959,23608202,23555082
cifar10_resnet50_sigmoid,cifar10,resnet50,sigmoid,9.143965721130371,0.10000000149011612,0.5,0.10000000149011612,0.10000000149011612,506.0783221721649,23608202,23555082
